"filename", "language", "C#", "UnityAssemblyDefinition", "comment", "blank", "total"
"c:\Users\Torte\Documents\Unity\LogRogue\Assets\Scripts\Domain\Model\Character\ICharacter.cs", "C#", 1, 0, 0, 0, 1
"c:\Users\Torte\Documents\Unity\LogRogue\Assets\Scripts\Domain\Model\Character\ICondition.cs", "C#", 1, 0, 0, 0, 1
"c:\Users\Torte\Documents\Unity\LogRogue\Assets\Scripts\Domain\Model\Character\IStatusManager.cs", "C#", 1, 0, 0, 0, 1
"c:\Users\Torte\Documents\Unity\LogRogue\Assets\Scripts\Domain\Model\Condition\IHasCondition.cs", "C#", 4, 0, 0, 0, 4
"c:\Users\Torte\Documents\Unity\LogRogue\Assets\Scripts\Domain\Model\DungeonBluePrintData.cs", "C#", 5, 0, 0, 0, 5
"c:\Users\Torte\Documents\Unity\LogRogue\Assets\Scripts\Domain\Model\Effect\Area\CircleArea.cs", "C#", 8, 0, 0, 0, 8
"c:\Users\Torte\Documents\Unity\LogRogue\Assets\Scripts\Domain\Model\Effect\Area\FanArea.cs", "C#", 9, 0, 0, 0, 9
"c:\Users\Torte\Documents\Unity\LogRogue\Assets\Scripts\Domain\Model\Effect\Area\IDirectionalArea.cs", "C#", -1, 0, 0, 0, -1
"c:\Users\Torte\Documents\Unity\LogRogue\Assets\Scripts\Domain\Model\Effect\Area\LineArea.cs", "C#", 11, 0, 0, 0, 11
"c:\Users\Torte\Documents\Unity\LogRogue\Assets\Scripts\Domain\Model\Effect\IAffiliation.cs", "C#", 1, 0, 0, 0, 1
"c:\Users\Torte\Documents\Unity\LogRogue\Assets\Scripts\Domain\Model\Effect\ICharacterSkill.cs", "C#", -3, 0, 0, 0, -3
"c:\Users\Torte\Documents\Unity\LogRogue\Assets\Scripts\Domain\Model\Effect\ISkillResult.cs", "C#", 8, 0, 0, 0, 8
"c:\Users\Torte\Documents\Unity\LogRogue\Assets\Scripts\Domain\Model\Effect\ITargetOfEffect.cs", "C#", 1, 0, 0, 0, 1
"c:\Users\Torte\Documents\Unity\LogRogue\Assets\Scripts\Domain\Model\IMap.cs", "C#", 2, 0, 0, 0, 2
"c:\Users\Torte\Documents\Unity\LogRogue\Assets\Scripts\Domain\Model\ITable.cs", "C#", 9, 0, 0, 1, 10
"c:\Users\Torte\Documents\Unity\LogRogue\Assets\Scripts\Domain\Model\ItemCategory.cs", "C#", 10, 0, 0, 0, 10
"c:\Users\Torte\Documents\Unity\LogRogue\Assets\Scripts\Domain\Model\ItemCategoryWeight.cs", "C#", 24, 0, 0, 1, 25
"c:\Users\Torte\Documents\Unity\LogRogue\Assets\Scripts\Domain\Model\ItemTable.cs", "C#", 26, 0, 0, 1, 27
"c:\Users\Torte\Documents\Unity\LogRogue\Assets\Scripts\Domain\Model\Map\TileData.cs", "C#", 1, 0, 0, 0, 1
"c:\Users\Torte\Documents\Unity\LogRogue\Assets\Scripts\Domain\Model\MasterItemDataBase.cs", "C#", 14, 0, 0, 1, 15
"c:\Users\Torte\Documents\Unity\LogRogue\Assets\Scripts\Domain\Model\Memento\AffiliationMemento.cs", "C#", 11, 0, 0, 1, 12
"c:\Users\Torte\Documents\Unity\LogRogue\Assets\Scripts\Domain\Model\Memento\CharacterMemento.cs", "C#", 30, 0, 0, 1, 31
"c:\Users\Torte\Documents\Unity\LogRogue\Assets\Scripts\Domain\Model\Memento\CharacterSkillMemento.cs", "C#", 12, 0, 0, 1, 13
"c:\Users\Torte\Documents\Unity\LogRogue\Assets\Scripts\Domain\Model\Memento\CharacterStatsMemento.cs", "C#", 16, 0, 0, 1, 17
"c:\Users\Torte\Documents\Unity\LogRogue\Assets\Scripts\Domain\Model\Memento\CharacterStatusMemento.cs", "C#", 12, 0, 0, 1, 13
"c:\Users\Torte\Documents\Unity\LogRogue\Assets\Scripts\Domain\Model\Memento\ChestMemento.cs", "C#", 11, 0, 0, 1, 12
"c:\Users\Torte\Documents\Unity\LogRogue\Assets\Scripts\Domain\Model\Memento\ConditionMemento.cs", "C#", 13, 0, 0, 1, 14
"c:\Users\Torte\Documents\Unity\LogRogue\Assets\Scripts\Domain\Model\Memento\DownStairsMemento.cs", "C#", 11, 0, 0, 1, 12
"c:\Users\Torte\Documents\Unity\LogRogue\Assets\Scripts\Domain\Model\Memento\EntityMemento.cs", "C#", 12, 0, 0, 1, 13
"c:\Users\Torte\Documents\Unity\LogRogue\Assets\Scripts\Domain\Model\Memento\EventEntitiesMemento.cs", "C#", 12, 0, 0, 1, 13
"c:\Users\Torte\Documents\Unity\LogRogue\Assets\Scripts\Domain\Model\Memento\InventoryMemento.cs", "C#", 9, 0, 0, 1, 10
"c:\Users\Torte\Documents\Unity\LogRogue\Assets\Scripts\Domain\Model\Memento\ItemEntityMemento.cs", "C#", 11, 0, 0, 1, 12
"c:\Users\Torte\Documents\Unity\LogRogue\Assets\Scripts\Domain\Model\Memento\ItemMemento.cs", "C#", 26, 0, 0, 1, 27
"c:\Users\Torte\Documents\Unity\LogRogue\Assets\Scripts\Domain\Model\Memento\MapMemento.cs", "C#", 19, 0, 0, 1, 20
"c:\Users\Torte\Documents\Unity\LogRogue\Assets\Scripts\Domain\Model\Memento\RoomMemento.cs", "C#", 12, 0, 0, 1, 13
"c:\Users\Torte\Documents\Unity\LogRogue\Assets\Scripts\Domain\Model\Memento\ShopItemMemento.cs", "C#", 10, 0, 0, 1, 11
"c:\Users\Torte\Documents\Unity\LogRogue\Assets\Scripts\Domain\Model\Memento\ShopMemento.cs", "C#", 14, 0, 0, 1, 15
"c:\Users\Torte\Documents\Unity\LogRogue\Assets\Scripts\Domain\Model\Memento\SkillMemento.cs", "C#", 24, 0, 0, 1, 25
"c:\Users\Torte\Documents\Unity\LogRogue\Assets\Scripts\Domain\Model\Memento\TileMemento.cs", "C#", 12, 0, 0, 1, 13
"c:\Users\Torte\Documents\Unity\LogRogue\Assets\Scripts\Domain\Model\Memento\TilemapMemento.cs", "C#", 13, 0, 0, 1, 14
"c:\Users\Torte\Documents\Unity\LogRogue\Assets\Scripts\Domain\Model\Memento\UpStairsMemento.cs", "C#", 11, 0, 0, 1, 12
"c:\Users\Torte\Documents\Unity\LogRogue\Assets\Scripts\Domain\Model\Memento\WorldMemento.cs", "C#", 10, 0, 0, 0, 10
"c:\Users\Torte\Documents\Unity\LogRogue\Assets\Scripts\Domain\Model\Mementos\AffiliationMemento.cs", "C#", -11, 0, 0, -1, -12
"c:\Users\Torte\Documents\Unity\LogRogue\Assets\Scripts\Domain\Model\Mementos\CharacterMemento.cs", "C#", -29, 0, 0, -1, -30
"c:\Users\Torte\Documents\Unity\LogRogue\Assets\Scripts\Domain\Model\Mementos\CharacterSkillMemento.cs", "C#", -12, 0, 0, -1, -13
"c:\Users\Torte\Documents\Unity\LogRogue\Assets\Scripts\Domain\Model\Mementos\CharacterStatsMemento.cs", "C#", -15, 0, 0, -1, -16
"c:\Users\Torte\Documents\Unity\LogRogue\Assets\Scripts\Domain\Model\Mementos\CharacterStatusMemento.cs", "C#", -11, 0, 0, -1, -12
"c:\Users\Torte\Documents\Unity\LogRogue\Assets\Scripts\Domain\Model\Mementos\ChestMemento.cs", "C#", -11, 0, 0, -1, -12
"c:\Users\Torte\Documents\Unity\LogRogue\Assets\Scripts\Domain\Model\Mementos\ConditionMemento.cs", "C#", -13, 0, 0, -1, -14
"c:\Users\Torte\Documents\Unity\LogRogue\Assets\Scripts\Domain\Model\Mementos\DownStairsMemento.cs", "C#", -11, 0, 0, -1, -12
"c:\Users\Torte\Documents\Unity\LogRogue\Assets\Scripts\Domain\Model\Mementos\EntityMemento.cs", "C#", -12, 0, 0, -1, -13
"c:\Users\Torte\Documents\Unity\LogRogue\Assets\Scripts\Domain\Model\Mementos\EventEntitiesMemento.cs", "C#", -12, 0, 0, -1, -13
"c:\Users\Torte\Documents\Unity\LogRogue\Assets\Scripts\Domain\Model\Mementos\InventoryMemento.cs", "C#", -9, 0, 0, -1, -10
"c:\Users\Torte\Documents\Unity\LogRogue\Assets\Scripts\Domain\Model\Mementos\ItemEntityMemento.cs", "C#", -11, 0, 0, -1, -12
"c:\Users\Torte\Documents\Unity\LogRogue\Assets\Scripts\Domain\Model\Mementos\ItemMemento.cs", "C#", -26, 0, 0, -1, -27
"c:\Users\Torte\Documents\Unity\LogRogue\Assets\Scripts\Domain\Model\Mementos\MapMemento.cs", "C#", -29, 0, 0, -1, -30
"c:\Users\Torte\Documents\Unity\LogRogue\Assets\Scripts\Domain\Model\Mementos\RoomMemento.cs", "C#", -12, 0, 0, -1, -13
"c:\Users\Torte\Documents\Unity\LogRogue\Assets\Scripts\Domain\Model\Mementos\ShopItemMemento.cs", "C#", -10, 0, 0, -1, -11
"c:\Users\Torte\Documents\Unity\LogRogue\Assets\Scripts\Domain\Model\Mementos\ShopMemento.cs", "C#", -14, 0, 0, -1, -15
"c:\Users\Torte\Documents\Unity\LogRogue\Assets\Scripts\Domain\Model\Mementos\SkillMemento.cs", "C#", -24, 0, 0, -1, -25
"c:\Users\Torte\Documents\Unity\LogRogue\Assets\Scripts\Domain\Model\Mementos\TileMemento.cs", "C#", -11, 0, 0, -1, -12
"c:\Users\Torte\Documents\Unity\LogRogue\Assets\Scripts\Domain\Model\Mementos\TilemapMemento.cs", "C#", -13, 0, 0, -1, -14
"c:\Users\Torte\Documents\Unity\LogRogue\Assets\Scripts\Domain\Model\Mementos\UpStairsMemento.cs", "C#", -11, 0, 0, -1, -12
"c:\Users\Torte\Documents\Unity\LogRogue\Assets\Scripts\Domain\Service\Characters\Character.cs", "C#", 1, 0, 0, 2, 3
"c:\Users\Torte\Documents\Unity\LogRogue\Assets\Scripts\Domain\Service\Characters\CharacterSkill.cs", "C#", -2, 0, 0, 0, -2
"c:\Users\Torte\Documents\Unity\LogRogue\Assets\Scripts\Domain\Service\Characters\CharacterStatusManager.cs", "C#", 15, 0, 0, -1, 14
"c:\Users\Torte\Documents\Unity\LogRogue\Assets\Scripts\Domain\Service\Characters\Conditions\Acceleration.cs", "C#", 35, 0, 0, 6, 41
"c:\Users\Torte\Documents\Unity\LogRogue\Assets\Scripts\Domain\Service\Characters\Conditions\Clairvoyant.cs", "C#", 28, 0, 0, 5, 33
"c:\Users\Torte\Documents\Unity\LogRogue\Assets\Scripts\Domain\Service\Characters\Stats\CharacterStats.cs", "C#", 37, 0, 0, 6, 43
"c:\Users\Torte\Documents\Unity\LogRogue\Assets\Scripts\Domain\Service\Characters\ViewCalculator.cs", "C#", -112, 0, 0, -15, -127
"c:\Users\Torte\Documents\Unity\LogRogue\Assets\Scripts\Domain\Service\Characters\VisionRange.cs", "C#", 1, 0, 0, 0, 1
"c:\Users\Torte\Documents\Unity\LogRogue\Assets\Scripts\Domain\Service\Effect\AttackEffect.cs", "C#", 3, 0, 0, 0, 3
"c:\Users\Torte\Documents\Unity\LogRogue\Assets\Scripts\Domain\Service\Effect\ElementPower.cs", "C#", 13, 0, 0, 1, 14
"c:\Users\Torte\Documents\Unity\LogRogue\Assets\Scripts\Domain\Service\Effect\ItemTargetSkill.cs", "C#", 3, 0, 0, 0, 3
"c:\Users\Torte\Documents\Unity\LogRogue\Assets\Scripts\Domain\Service\Effect\ItemTargetSkillResult.cs", "C#", 15, 0, 0, 1, 16
"c:\Users\Torte\Documents\Unity\LogRogue\Assets\Scripts\Domain\Service\Effect\SpawnEffectSkill.cs", "C#", 2, 0, 0, 2, 4
"c:\Users\Torte\Documents\Unity\LogRogue\Assets\Scripts\Domain\Service\Effect\SpawnEffectSkillResult.cs", "C#", 22, 0, 0, 1, 23
"c:\Users\Torte\Documents\Unity\LogRogue\Assets\Scripts\Domain\Service\Events\EntityEvents.cs", "C#", 47, 0, 0, 11, 58
"c:\Users\Torte\Documents\Unity\LogRogue\Assets\Scripts\Domain\Service\Items\Item.cs", "C#", -2, 0, 0, 0, -2
"c:\Users\Torte\Documents\Unity\LogRogue\Assets\Scripts\Domain\Service\Items\ItemFactory.cs", "C#", -1, 0, 0, 0, -1
"c:\Users\Torte\Documents\Unity\LogRogue\Assets\Scripts\Domain\Service\Items\ThrowAnimationEntity.cs", "C#", 52, 0, 0, 6, 58
"c:\Users\Torte\Documents\Unity\LogRogue\Assets\Scripts\Domain\Service\Rooms\Shop.cs", "C#", -10, 0, 0, -1, -11
"c:\Users\Torte\Documents\Unity\LogRogue\Assets\Scripts\Game\CharacterManager.cs", "C#", -71, 0, 0, -13, -84
"c:\Users\Torte\Documents\Unity\LogRogue\Assets\Scripts\Game\EventEntityManager.cs", "C#", -81, 0, 0, -10, -91
"c:\Users\Torte\Documents\Unity\LogRogue\Assets\Scripts\Game\Game.asmdef", "UnityAssemblyDefinition", 0, -28, 0, 0, -28
"c:\Users\Torte\Documents\Unity\LogRogue\Assets\Scripts\Game\GameInput.cs", "C#", -25, 0, 0, -5, -30
"c:\Users\Torte\Documents\Unity\LogRogue\Assets\Scripts\Game\GameManager.cs", "C#", -91, 0, 0, -6, -97
"c:\Users\Torte\Documents\Unity\LogRogue\Assets\Scripts\Game\Globals.cs", "C#", -13, 0, 0, -1, -14
"c:\Users\Torte\Documents\Unity\LogRogue\Assets\Scripts\Game\ItemManager.cs", "C#", -82, 0, 0, -13, -95
"c:\Users\Torte\Documents\Unity\LogRogue\Assets\Scripts\Game\MapBuilder.cs", "C#", -181, 0, 0, -26, -207
"c:\Users\Torte\Documents\Unity\LogRogue\Assets\Scripts\Game\MapManager.cs", "C#", -447, 0, -5, -54, -506
"c:\Users\Torte\Documents\Unity\LogRogue\Assets\Scripts\Game\TurnController.cs", "C#", -91, 0, 0, -15, -106
"c:\Users\Torte\Documents\Unity\LogRogue\Assets\Scripts\Game\World.cs", "C#", -161, 0, 0, -24, -185
"c:\Users\Torte\Documents\Unity\LogRogue\Assets\Scripts\Provider\Container.cs", "C#", -61, 0, 0, -3, -64
"c:\Users\Torte\Documents\Unity\LogRogue\Assets\Scripts\Provider\DamagePresenter.cs", "C#", -56, 0, 0, -2, -58
"c:\Users\Torte\Documents\Unity\LogRogue\Assets\Scripts\Provider\DungeonInfoPresenter.cs", "C#", -19, 0, 0, -1, -20
"c:\Users\Torte\Documents\Unity\LogRogue\Assets\Scripts\Provider\GroupMarkerPresenter.cs", "C#", -30, 0, 0, -1, -31
"c:\Users\Torte\Documents\Unity\LogRogue\Assets\Scripts\Provider\InputPresenter.cs", "C#", -54, 0, 0, -5, -59
"c:\Users\Torte\Documents\Unity\LogRogue\Assets\Scripts\Provider\ItemSelectPresenter.cs", "C#", -33, 0, 0, -1, -34
"c:\Users\Torte\Documents\Unity\LogRogue\Assets\Scripts\Provider\KeyCharacterPresenter.cs", "C#", -39, 0, 0, -1, -40
"c:\Users\Torte\Documents\Unity\LogRogue\Assets\Scripts\Provider\LogPresenter.cs", "C#", -23, 0, 0, -2, -25
"c:\Users\Torte\Documents\Unity\LogRogue\Assets\Scripts\Provider\ObjectResolverExtensions.cs", "C#", -13, 0, 0, -1, -14
"c:\Users\Torte\Documents\Unity\LogRogue\Assets\Scripts\Provider\PlayerCameraController.cs", "C#", -19, 0, 0, -1, -20
"c:\Users\Torte\Documents\Unity\LogRogue\Assets\Scripts\Provider\PlayerInventoryPresenter.cs", "C#", -50, 0, 0, -2, -52
"c:\Users\Torte\Documents\Unity\LogRogue\Assets\Scripts\Provider\PlayerPresenter.cs", "C#", -50, 0, 0, -3, -53
"c:\Users\Torte\Documents\Unity\LogRogue\Assets\Scripts\Provider\Presenter.cs", "C#", -53, 0, -3, -4, -60
"c:\Users\Torte\Documents\Unity\LogRogue\Assets\Scripts\Provider\Provider.asmdef", "UnityAssemblyDefinition", 0, -30, 0, 0, -30
"c:\Users\Torte\Documents\Unity\LogRogue\Assets\Scripts\Provider\SettingPresenter.cs", "C#", -31, 0, 0, -1, -32
"c:\Users\Torte\Documents\Unity\LogRogue\Assets\Scripts\Provider\ShopInfoPresenter.cs", "C#", -32, 0, 0, -1, -33
"c:\Users\Torte\Documents\Unity\LogRogue\Assets\Scripts\Provider\SoundPresenter.cs", "C#", -42, 0, 0, -2, -44
"c:\Users\Torte\Documents\Unity\LogRogue\Assets\Scripts\Provider\SynchronizedCharacterView.cs", "C#", -76, 0, 0, -10, -86
"c:\Users\Torte\Documents\Unity\LogRogue\Assets\Scripts\Provider\SynchronizedEntityView.cs", "C#", -52, 0, 0, -8, -60
"c:\Users\Torte\Documents\Unity\LogRogue\Assets\Scripts\Provider\SynchronizedEventEntityView.cs", "C#", -47, 0, 0, -8, -55
"c:\Users\Torte\Documents\Unity\LogRogue\Assets\Scripts\Provider\SynchronizedItemView.cs", "C#", -57, 0, 0, -9, -66
"c:\Users\Torte\Documents\Unity\LogRogue\Assets\Scripts\Provider\TilemapPresenter.cs", "C#", -129, 0, -3, -10, -142
"c:\Users\Torte\Documents\Unity\LogRogue\Assets\Scripts\Utilities\AStarNode.cs", "C#", -44, 0, 0, -11, -55
"c:\Users\Torte\Documents\Unity\LogRogue\Assets\Scripts\Utilities\Angle.cs", "C#", -31, 0, 0, -7, -38
"c:\Users\Torte\Documents\Unity\LogRogue\Assets\Scripts\Utilities\Astar.cs", "C#", -106, 0, 0, -18, -124
"c:\Users\Torte\Documents\Unity\LogRogue\Assets\Scripts\Utilities\BlankFinder.cs", "C#", -46, 0, 0, -5, -51
"c:\Users\Torte\Documents\Unity\LogRogue\Assets\Scripts\Utilities\CameraFollowTarget.cs", "C#", -17, 0, 0, -3, -20
"c:\Users\Torte\Documents\Unity\LogRogue\Assets\Scripts\Utilities\Colors.cs", "C#", -147, 0, -2, -2, -151
"c:\Users\Torte\Documents\Unity\LogRogue\Assets\Scripts\Utilities\DeepCopy.cs", "C#", -45, 0, 0, -1, -46
"c:\Users\Torte\Documents\Unity\LogRogue\Assets\Scripts\Utilities\Direction8.cs", "C#", -14, 0, 0, 0, -14
"c:\Users\Torte\Documents\Unity\LogRogue\Assets\Scripts\Utilities\DirectionMethods.cs", "C#", -218, 0, 0, -17, -235
"c:\Users\Torte\Documents\Unity\LogRogue\Assets\Scripts\Utilities\EffectPrefabTypeExtension.cs", "C#", -41, 0, 0, -2, -43
"c:\Users\Torte\Documents\Unity\LogRogue\Assets\Scripts\Utilities\EnumerableExtension.cs", "C#", -193, 0, -3, -30, -226
"c:\Users\Torte\Documents\Unity\LogRogue\Assets\Scripts\Utilities\IntegratedSet.cs", "C#", -37, 0, 0, -5, -42
"c:\Users\Torte\Documents\Unity\LogRogue\Assets\Scripts\Utilities\IsExternalInit.cs", "C#", -8, 0, 0, -1, -9
"c:\Users\Torte\Documents\Unity\LogRogue\Assets\Scripts\Utilities\Messages\GroupEvents.cs", "C#", -59, 0, 0, -12, -71
"c:\Users\Torte\Documents\Unity\LogRogue\Assets\Scripts\Utilities\Messages\MessageSubject.cs", "C#", -26, 0, 0, -5, -31
"c:\Users\Torte\Documents\Unity\LogRogue\Assets\Scripts\Utilities\Messages\Messages.asmdef", "UnityAssemblyDefinition", 0, -16, 0, 0, -16
"c:\Users\Torte\Documents\Unity\LogRogue\Assets\Scripts\Utilities\Messages\ObservableExtension.cs", "C#", -19, 0, 0, -2, -21
"c:\Users\Torte\Documents\Unity\LogRogue\Assets\Scripts\Utilities\ObservableExtension.cs", "C#", -88, 0, -2, -13, -103
"c:\Users\Torte\Documents\Unity\LogRogue\Assets\Scripts\Utilities\ParticleType.cs", "C#", -29, 0, 0, 0, -29
"c:\Users\Torte\Documents\Unity\LogRogue\Assets\Scripts\Utilities\Serialize\IconSerializable.cs", "C#", -34, 0, 0, -3, -37
"c:\Users\Torte\Documents\Unity\LogRogue\Assets\Scripts\Utilities\Serialize\Option.cs", "C#", -60, 0, 0, -8, -68
"c:\Users\Torte\Documents\Unity\LogRogue\Assets\Scripts\Utilities\Serialize\ScriptableObjectSerializable.cs", "C#", -34, 0, 0, -3, -37
"c:\Users\Torte\Documents\Unity\LogRogue\Assets\Scripts\Utilities\Serialize\SerializableDictionary.cs", "C#", -48, 0, 0, -3, -51
"c:\Users\Torte\Documents\Unity\LogRogue\Assets\Scripts\Utilities\Stats\IntResource.cs", "C#", -83, 0, 0, -15, -98
"c:\Users\Torte\Documents\Unity\LogRogue\Assets\Scripts\Utilities\Stats\IntStat.cs", "C#", -42, 0, 0, -8, -50
"c:\Users\Torte\Documents\Unity\LogRogue\Assets\Scripts\Utilities\Stats\Resource.cs", "C#", -91, 0, 0, -19, -110
"c:\Users\Torte\Documents\Unity\LogRogue\Assets\Scripts\Utilities\Stats\Stat.cs", "C#", -59, 0, 0, -9, -68
"c:\Users\Torte\Documents\Unity\LogRogue\Assets\Scripts\Utilities\Stats\StatData.cs", "C#", -28, 0, 0, -1, -29
"c:\Users\Torte\Documents\Unity\LogRogue\Assets\Scripts\Utilities\Stats\Stats.asmdef", "UnityAssemblyDefinition", 0, -16, 0, 0, -16
"c:\Users\Torte\Documents\Unity\LogRogue\Assets\Scripts\Utilities\StringExtension.cs", "C#", -8, 0, 0, -1, -9
"c:\Users\Torte\Documents\Unity\LogRogue\Assets\Scripts\Utilities\Tests\DirectionTest.cs", "C#", -50, 0, 0, -9, -59
"c:\Users\Torte\Documents\Unity\LogRogue\Assets\Scripts\Utilities\Tests\EnumerableTest.cs", "C#", -86, 0, 0, -10, -96
"c:\Users\Torte\Documents\Unity\LogRogue\Assets\Scripts\Utilities\Tests\TestExecuter.cs", "C#", -54, 0, -26, -15, -95
"c:\Users\Torte\Documents\Unity\LogRogue\Assets\Scripts\Utilities\Tests\Tests.asmdef", "UnityAssemblyDefinition", 0, -26, 0, 0, -26
"c:\Users\Torte\Documents\Unity\LogRogue\Assets\Scripts\Utilities\UniqueIdGenerator.cs", "C#", -13, 0, 0, -1, -14
"c:\Users\Torte\Documents\Unity\LogRogue\Assets\Scripts\Utilities\UnityInputSystemExtensions.cs", "C#", -43, 0, 0, -4, -47
"c:\Users\Torte\Documents\Unity\LogRogue\Assets\Scripts\Utilities\Utilities.asmdef", "UnityAssemblyDefinition", 0, -23, 0, 0, -23
"c:\Users\Torte\Documents\Unity\LogRogue\Assets\Scripts\View\BGMManager.cs", "C#", -35, 0, 0, -5, -40
"c:\Users\Torte\Documents\Unity\LogRogue\Assets\Scripts\View\CharacterArrow.cs", "C#", -19, 0, 0, -2, -21
"c:\Users\Torte\Documents\Unity\LogRogue\Assets\Scripts\View\CharacterView.cs", "C#", -56, 0, 0, -9, -65
"c:\Users\Torte\Documents\Unity\LogRogue\Assets\Scripts\View\DamageText.cs", "C#", -12, 0, 0, -2, -14
"c:\Users\Torte\Documents\Unity\LogRogue\Assets\Scripts\View\DamageTextSpawner.cs", "C#", -51, 0, 0, -6, -57
"c:\Users\Torte\Documents\Unity\LogRogue\Assets\Scripts\View\EffectViewSpawner.cs", "C#", -21, 0, 0, -2, -23
"c:\Users\Torte\Documents\Unity\LogRogue\Assets\Scripts\View\EntityView.cs", "C#", -57, 0, 0, -7, -64
"c:\Users\Torte\Documents\Unity\LogRogue\Assets\Scripts\View\FlushController.cs", "C#", -20, 0, 0, -2, -22
"c:\Users\Torte\Documents\Unity\LogRogue\Assets\Scripts\View\IDirectional.cs", "C#", -8, 0, 0, -1, -9
"c:\Users\Torte\Documents\Unity\LogRogue\Assets\Scripts\View\InputReceiver.cs", "C#", -47, 0, 0, -8, -55
"c:\Users\Torte\Documents\Unity\LogRogue\Assets\Scripts\View\LifeTimer.cs", "C#", -14, 0, 0, -2, -16
"c:\Users\Torte\Documents\Unity\LogRogue\Assets\Scripts\View\MyInputAction.cs", "C#", -1116, 0, -16, -27, -1159
"c:\Users\Torte\Documents\Unity\LogRogue\Assets\Scripts\View\OverrideSprite.cs", "C#", -94, 0, 0, -8, -102
"c:\Users\Torte\Documents\Unity\LogRogue\Assets\Scripts\View\ParticleController.cs", "C#", -40, 0, 0, -3, -43
"c:\Users\Torte\Documents\Unity\LogRogue\Assets\Scripts\View\SEManager.cs", "C#", -22, 0, 0, -4, -26
"c:\Users\Torte\Documents\Unity\LogRogue\Assets\Scripts\View\SpriteHpBar.cs", "C#", -14, 0, 0, -2, -16
"c:\Users\Torte\Documents\Unity\LogRogue\Assets\Scripts\View\SpriteView.cs", "C#", -37, 0, 0, -4, -41
"c:\Users\Torte\Documents\Unity\LogRogue\Assets\Scripts\View\StairsLock.cs", "C#", -30, 0, 0, -1, -31
"c:\Users\Torte\Documents\Unity\LogRogue\Assets\Scripts\View\TileMaskController.cs", "C#", -26, 0, 0, -5, -31
"c:\Users\Torte\Documents\Unity\LogRogue\Assets\Scripts\View\TileViewController.cs", "C#", -34, 0, 0, -7, -41
"c:\Users\Torte\Documents\Unity\LogRogue\Assets\Scripts\View\Tiles.cs", "C#", -12, 0, 0, -1, -13
"c:\Users\Torte\Documents\Unity\LogRogue\Assets\Scripts\View\UI\AutoSelecter.cs", "C#", -13, 0, 0, -1, -14
"c:\Users\Torte\Documents\Unity\LogRogue\Assets\Scripts\View\UI\CheckBoxOption.cs", "C#", -18, 0, 0, -2, -20
"c:\Users\Torte\Documents\Unity\LogRogue\Assets\Scripts\View\UI\CheckBoxText.cs", "C#", -21, 0, 0, -3, -24
"c:\Users\Torte\Documents\Unity\LogRogue\Assets\Scripts\View\UI\ChoiceButton.cs", "C#", -20, 0, 0, -1, -21
"c:\Users\Torte\Documents\Unity\LogRogue\Assets\Scripts\View\UI\ChoiceMenu.cs", "C#", -48, 0, 0, -6, -54
"c:\Users\Torte\Documents\Unity\LogRogue\Assets\Scripts\View\UI\DungeonInfoView.cs", "C#", -20, 0, 0, -1, -21
"c:\Users\Torte\Documents\Unity\LogRogue\Assets\Scripts\View\UI\DungeonMenu.cs", "C#", -24, 0, 0, -4, -28
"c:\Users\Torte\Documents\Unity\LogRogue\Assets\Scripts\View\UI\FocusRequired.cs", "C#", -24, 0, -2, -4, -30
"c:\Users\Torte\Documents\Unity\LogRogue\Assets\Scripts\View\UI\IMenu.cs", "C#", -10, 0, 0, 0, -10
"c:\Users\Torte\Documents\Unity\LogRogue\Assets\Scripts\View\UI\InventoryItemView.cs", "C#", -55, 0, 0, -8, -63
"c:\Users\Torte\Documents\Unity\LogRogue\Assets\Scripts\View\UI\InventoryView.cs", "C#", -70, 0, 0, -9, -79
"c:\Users\Torte\Documents\Unity\LogRogue\Assets\Scripts\View\UI\ItemSelectText.cs", "C#", -15, 0, 0, -1, -16
"c:\Users\Torte\Documents\Unity\LogRogue\Assets\Scripts\View\UI\LogView.cs", "C#", -23, 0, 0, -2, -25
"c:\Users\Torte\Documents\Unity\LogRogue\Assets\Scripts\View\UI\MenuController.cs", "C#", -71, 0, 0, -6, -77
"c:\Users\Torte\Documents\Unity\LogRogue\Assets\Scripts\View\UI\SettingMenu.cs", "C#", -21, 0, 0, -4, -25
"c:\Users\Torte\Documents\Unity\LogRogue\Assets\Scripts\View\UI\SettingWindow.cs", "C#", -23, 0, 0, -3, -26
"c:\Users\Torte\Documents\Unity\LogRogue\Assets\Scripts\View\UI\ShopInfoView.cs", "C#", -21, 0, 0, -1, -22
"c:\Users\Torte\Documents\Unity\LogRogue\Assets\Scripts\View\UI\SliderOption.cs", "C#", -20, 0, 0, -2, -22
"c:\Users\Torte\Documents\Unity\LogRogue\Assets\Scripts\View\UI\SliderText.cs", "C#", -17, 0, 0, -2, -19
"c:\Users\Torte\Documents\Unity\LogRogue\Assets\Scripts\View\UI\StatLine.cs", "C#", -20, 0, 0, -3, -23
"c:\Users\Torte\Documents\Unity\LogRogue\Assets\Scripts\View\View.asmdef", "UnityAssemblyDefinition", 0, -27, 0, 0, -27
"Total", "-", -6146, -166, -62, -629, -7003